TglDN,InvSys,NmNPWP,NoNPWP,AddNPWP,Barcode,NmBrg,Qty,Harga,Disc1,PPN,Total
6/9/2022 10:02,22005403587,PT.SURIATAMA MITRA PERWITA,1.45321E+13,JL.MEDAN - TANJUNG MORAWA KM. 17.5 STM HULU DELI SERDANG SUMATERA UTARA,8999999506520,SUNSILK SHP RFR ANTI DANDRUFF 18X320ML,36,38153.17,21237.9621,148750.3774,1501026.535
6/4/2022 9:46,22005403434,PT.SURIATAMA MITRA PERWITA,1.45321E+13,JL.MEDAN - TANJUNG MORAWA KM. 17.5 STM HULU DELI SERDANG SUMATERA UTARA,8999999526870,RINSO MOLTO ROYAL GOLD LIQ 12X750ML,12,24950.42,4629.5504,32425.3039,327200.7935
6/2/2022 10:09,22005403368,PT.SURIATAMA MITRA PERWITA,1.45321E+13,JL.MEDAN - TANJUNG MORAWA KM. 17.5 STM HULU DELI SERDANG SUMATERA UTARA,8999999195656,SARIWANGI ASLI RL TB 24X(50X1.85G) ,360,8626.13,48017.3526,336312.8392,3393702.287
6/2/2022 10:09,22005403368,PT.SURIATAMA MITRA PERWITA,1.45321E+13,JL.MEDAN - TANJUNG MORAWA KM. 17.5 STM HULU DELI SERDANG SUMATERA UTARA,8999999707774,PEPSODENT CMPLT 8 PLUS WHITENING 144X75G,144,7300,16254.18,113844.0402,1148789.86
6/4/2022 9:48,22005403431,PT.SURIATAMA MITRA PERWITA,1.45321E+13,JL.MEDAN - TANJUNG MORAWA KM. 17.5 STM HULU DELI SERDANG SUMATERA UTARA,8992747180201,VIXAL PEMB PORS HIJAU BTL NEW 12X780ML,36,20950.42,11662.0513,81680.8376,824233.9063
6/9/2022 10:07,22005403584,PT.SURIATAMA MITRA PERWITA,1.45321E+13,JL.MEDAN - TANJUNG MORAWA KM. 17.5 STM HULU DELI SERDANG SUMATERA UTARA,8999999552503,ZWITSAL KIDS SHP PINK SOFT & MSTR 4X6X180ML,24,14594.58,5416.0487,37933.9258,382787.7971
6/2/2022 10:14,22005403363,PT.SURIATAMA MITRA PERWITA,1.45321E+13,JL.MEDAN - TANJUNG MORAWA KM. 17.5 STM HULU DELI SERDANG SUMATERA UTARA,8999999036829,LUX BW SOFT ROSE LD REFF 24X400ML,24,23621.63,8765.9869,61396.8446,619549.9777
6/9/2022 10:11,22005403579,PT.SURIATAMA MITRA PERWITA,1.45321E+13,JL.MEDAN - TANJUNG MORAWA KM. 17.5 STM HULU DELI SERDANG SUMATERA UTARA,8999999519865,DOVE DEO WMN RO CUCUMBER 4X6X40ML,24,16600,6160.26,43146.3714,435386.1114
6/2/2022 10:14,22005403363,PT.SURIATAMA MITRA PERWITA,1.45321E+13,JL.MEDAN - TANJUNG MORAWA KM. 17.5 STM HULU DELI SERDANG SUMATERA UTARA,8999999027049,LIFEBUOY SHP PRWTN RBT RNTK SX 480X1X9ML,480,360.36,2674.5919,18732.8029,189031.011
6/9/2022 10:08,22005403583,PT.SURIATAMA MITRA PERWITA,1.45321E+13,JL.MEDAN - TANJUNG MORAWA KM. 17.5 STM HULU DELI SERDANG SUMATERA UTARA,8999999559595,VASELINE HB FIRM GLOW SRM PJ 4X3X180ML,24,25338.75,9403.2101,65859.9469,664586.7368
6/2/2022 10:24,22005403357,PT.SURIATAMA MITRA PERWITA,1.45321E+13,JL.MEDAN - TANJUNG MORAWA KM. 17.5 STM HULU DELI SERDANG SUMATERA UTARA,8999999559571,VASELINE HB FRESH GLOW SRM PJ 4X3X180ML,12,25338.75,4701.6051,32929.9734,332293.3683
6/4/2022 9:47,22005403433,PT.SURIATAMA MITRA PERWITA,1.45321E+13,JL.MEDAN - TANJUNG MORAWA KM. 17.5 STM HULU DELI SERDANG SUMATERA UTARA,8999999559588,VASELINE HB SOFT GLOW SRM PJ 4X3X180ML,24,25338.75,9403.2101,65859.9469,664586.7368
6/9/2022 10:14,22005403576,PT.SURIATAMA MITRA PERWITA,1.45321E+13,JL.MEDAN - TANJUNG MORAWA KM. 17.5 STM HULU DELI SERDANG SUMATERA UTARA,8999999556761,PONDS SHEET MASK WTRMLN EXT+HA 2X12X20G ,12,16080.17,2983.6755,20897.6201,210875.9846
6/2/2022 10:28,22005403351,PT.SURIATAMA MITRA PERWITA,1.45321E+13,JL.MEDAN - TANJUNG MORAWA KM. 17.5 STM HULU DELI SERDANG SUMATERA UTARA,8999999519971,VIXAL PRO TC ACID ID 6X2L,6,39000,3618.225,25341.9952,255723.7702
6/2/2022 10:14,22005403363,PT.SURIATAMA MITRA PERWITA,1.45321E+13,JL.MEDAN - TANJUNG MORAWA KM. 17.5 STM HULU DELI SERDANG SUMATERA UTARA,8999999001056,LIFEBUOY HWL MILDCARE REF LD 12X180ML,12,10612.58,1969.1642,13791.9975,139173.7933
6/2/2022 10:14,22005403363,PT.SURIATAMA MITRA PERWITA,1.45321E+13,JL.MEDAN - TANJUNG MORAWA KM. 17.5 STM HULU DELI SERDANG SUMATERA UTARA,8999999573157,DOVE SHP PERAWATAN RONTOK 12X290ML,12,40625.25,7538.0151,52796.1483,532761.1332
6/4/2022 9:46,22005403434,PT.SURIATAMA MITRA PERWITA,1.45321E+13,JL.MEDAN - TANJUNG MORAWA KM. 17.5 STM HULU DELI SERDANG SUMATERA UTARA,8999999526467,TRESEMME SCLP CARE SHP 18X170ML,18,28450.44,7918.4688,55460.8396,559650.2908
6/9/2022 10:02,22005403587,PT.SURIATAMA MITRA PERWITA,1.45321E+13,JL.MEDAN - TANJUNG MORAWA KM. 17.5 STM HULU DELI SERDANG SUMATERA UTARA,8999999036867,LUX BW MAGICAL ORCHID LD REFF 24X400ML,24,23621.63,8765.9869,61396.8446,619549.9777
6/2/2022 10:25,22005403355,PT.SURIATAMA MITRA PERWITA,1.45321E+13,JL.MEDAN - TANJUNG MORAWA KM. 17.5 STM HULU DELI SERDANG SUMATERA UTARA,8999999557058,ROYCO MUSHROOM 36X40G,36,3648.64,2031.0154,14225.2027,143545.2273
6/2/2022 10:29,22005403350,PT.SURIATAMA MITRA PERWITA,1.45321E+13,JL.MEDAN - TANJUNG MORAWA KM. 17.5 STM HULU DELI SERDANG SUMATERA UTARA,8999999576790,ZWITSAL BB FACE & BODY CREAM 24X50GR,18,13468.46,3748.6091,26255.2038,264938.8747
6/9/2022 10:01,22005403589,PT.SURIATAMA MITRA PERWITA,1.45321E+13,JL.MEDAN - TANJUNG MORAWA KM. 17.5 STM HULU DELI SERDANG SUMATERA UTARA,8999999548650,REXONA DRYSRM NAT BRIGHT SAKURA 4X6X50ML,24,16300,6048.93,42366.6177,427517.6877
6/4/2022 9:48,22005403431,PT.SURIATAMA MITRA PERWITA,1.45321E+13,JL.MEDAN - TANJUNG MORAWA KM. 17.5 STM HULU DELI SERDANG SUMATERA UTARA,8999999027032,LIFEBUOY SHP KUAT & BERKILAU SX 480X1X9ML,960,360.36,5349.1838,37465.6058,378062.022
6/9/2022 10:02,22005403587,PT.SURIATAMA MITRA PERWITA,1.45321E+13,JL.MEDAN - TANJUNG MORAWA KM. 17.5 STM HULU DELI SERDANG SUMATERA UTARA,8999999720940,CLEAR STYLING CREAM 72X100G,24,11900,4416.09,30930.2301,312114.1401
6/2/2022 10:15,22005403362,PT.SURIATAMA MITRA PERWITA,1.45321E+13,JL.MEDAN - TANJUNG MORAWA KM. 17.5 STM HULU DELI SERDANG SUMATERA UTARA,8999999028701,PEPSODENT PGB FRESH COOL MINT 4X12X190G,144,10329.73,23000.1769,161092.9037,1625573.847
6/4/2022 9:49,22005403430,PT.SURIATAMA MITRA PERWITA,1.45321E+13,JL.MEDAN - TANJUNG MORAWA KM. 17.5 STM HULU DELI SERDANG SUMATERA UTARA,8999999552497,ZWITSAL KIDS SHP BLUE CLN&FRSH 4X6X180ML,12,14594.58,2708.0243,18966.9629,191393.8986
6/2/2022 10:29,22005403349,PT.SURIATAMA MITRA PERWITA,1.45321E+13,JL.MEDAN - TANJUNG MORAWA KM. 17.5 STM HULU DELI SERDANG SUMATERA UTARA,8999999578268,PONDS MATCHA CLEAR FF 4X6X90G,12,21205.42,3934.6657,27558.3412,278088.7155
6/9/2022 10:05,22005403586,PT.SURIATAMA MITRA PERWITA,1.45321E+13,JL.MEDAN - TANJUNG MORAWA KM. 17.5 STM HULU DELI SERDANG SUMATERA UTARA,8999999572709,AXE DEO BS DARK TEMPTATION 1X12X135ML,12,26400,4898.52,34309.1628,346210.6428
6/9/2022 9:59,22005403591,PT.SURIATAMA MITRA PERWITA,1.45321E+13,JL.MEDAN - TANJUNG MORAWA KM. 17.5 STM HULU DELI SERDANG SUMATERA UTARA,8999999573089,DOVE SHP PERAWATAN RONTOK 24X135ML,24,20108.13,7462.1271,52264.6292,527397.6221
6/9/2022 9:53,22005403547,PT.SURIATAMA MITRA PERWITA,1.45321E+13,JL.MEDAN - TANJUNG MORAWA KM. 17.5 STM HULU DELI SERDANG SUMATERA UTARA,8999999707842,CLOSEUP GREEN  48X110G,240,11219.81,306748.4834,262460.6508,2648466.567
6/9/2022 10:08,22005403582,PT.SURIATAMA MITRA PERWITA,1.45321E+13,JL.MEDAN - TANJUNG MORAWA KM. 17.5 STM HULU DELI SERDANG SUMATERA UTARA,8999999030186,PEPSODENT ACTION123 4X12X190G,96,15832.44,23501.6739,164605.3823,1661017.948
6/2/2022 10:12,22005403366,PT.SURIATAMA MITRA PERWITA,1.45321E+13,JL.MEDAN - TANJUNG MORAWA KM. 17.5 STM HULU DELI SERDANG SUMATERA UTARA,8999999710866,PEPSODENT ACTION123 HERBAL 48X190G,96,15758.56,23392.0065,163837.2729,1653267.026
6/9/2022 10:02,22005403587,PT.SURIATAMA MITRA PERWITA,1.45321E+13,JL.MEDAN - TANJUNG MORAWA KM. 17.5 STM HULU DELI SERDANG SUMATERA UTARA,8992747180102,VIXAL PEMB PORS HIJAU 12X470ML,24,14850.42,5510.9908,38598.8998,389497.989
6/2/2022 10:09,22005403368,PT.SURIATAMA MITRA PERWITA,1.45321E+13,JL.MEDAN - TANJUNG MORAWA KM. 17.5 STM HULU DELI SERDANG SUMATERA UTARA,8999999406929,SUPERPELL GREEN RL PCH 12X770ML,60,14350.42,13313.6022,93248.2758,940959.8736
6/2/2022 10:12,22005403366,PT.SURIATAMA MITRA PERWITA,1.45321E+13,JL.MEDAN - TANJUNG MORAWA KM. 17.5 STM HULU DELI SERDANG SUMATERA UTARA,8999999529628,CLEAR SHP CS CARE 36X(160+50)ML,36,26550,14779.0575,103512.3037,1044533.246
6/9/2022 10:09,22005403581,PT.SURIATAMA MITRA PERWITA,1.45321E+13,JL.MEDAN - TANJUNG MORAWA KM. 17.5 STM HULU DELI SERDANG SUMATERA UTARA,8999999527365,PONDS MEN FF LIGHT OIL 4X6X100G,12,31023.42,5756.3956,40317.7109,406842.3553
6/4/2022 9:48,22005403431,PT.SURIATAMA MITRA PERWITA,1.45321E+13,JL.MEDAN - TANJUNG MORAWA KM. 17.5 STM HULU DELI SERDANG SUMATERA UTARA,8999999407896,WIPOL KARBOL CEMARA BTL 24X450ML,24,17700,6568.47,46005.4683,464236.9983
6/9/2022 10:14,22005403576,PT.SURIATAMA MITRA PERWITA,1.45321E+13,JL.MEDAN - TANJUNG MORAWA KM. 17.5 STM HULU DELI SERDANG SUMATERA UTARA,8999999556792,PONDS SHEET MASK ORG NECTAR+HA 2X12X20G,12,16080.17,2983.6755,20897.6201,210875.9846
6/2/2022 10:11,22005403367,PT.SURIATAMA MITRA PERWITA,1.45321E+13,JL.MEDAN - TANJUNG MORAWA KM. 17.5 STM HULU DELI SERDANG SUMATERA UTARA,8999999536664,REXONA MEN RO ACTIV-BRIGHT 4X6X45ML,24,16750.46,6216.0957,43537.4439,439332.3882
6/2/2022 10:12,22005403366,PT.SURIATAMA MITRA PERWITA,1.45321E+13,JL.MEDAN - TANJUNG MORAWA KM. 17.5 STM HULU DELI SERDANG SUMATERA UTARA,8999999406943,SUPERPELL YELLOW RL PCH 12X770ML,48,14350.42,10650.8817,74598.6206,752767.8989
6/2/2022 10:09,22005403368,PT.SURIATAMA MITRA PERWITA,1.45321E+13,JL.MEDAN - TANJUNG MORAWA KM. 17.5 STM HULU DELI SERDANG SUMATERA UTARA,8999999192198,ROYCO FDS BEEF 36X94G,72,3918.92,4362.9336,30557.9237,308357.2301
6/2/2022 10:26,22005403353,PT.SURIATAMA MITRA PERWITA,1.45321E+13,JL.MEDAN - TANJUNG MORAWA KM. 17.5 STM HULU DELI SERDANG SUMATERA UTARA,8999999549503,SUPERPELL YELLOW RL PCH 24X280ML,24,3828.83,1420.8789,9951.8145,100422.8556
6/9/2022 10:15,22005403574,PT.SURIATAMA MITRA PERWITA,1.45321E+13,JL.MEDAN - TANJUNG MORAWA KM. 17.5 STM HULU DELI SERDANG SUMATERA UTARA,8999999577407,VASELINE ALL DAY RAD RFRSH SRM 4X3X180ML ,12,24907.17,4621.5254,32369.0966,326633.6112
6/9/2022 10:06,22005403585,PT.SURIATAMA MITRA PERWITA,1.45321E+13,JL.MEDAN - TANJUNG MORAWA KM. 17.5 STM HULU DELI SERDANG SUMATERA UTARA,8999999008055,PEPSODENT TB DBL CARE CLEAN MP2RL 36X1PC,36,16737.83,9317.113,65256.9244,658501.6914
6/9/2022 10:13,22005403578,PT.SURIATAMA MITRA PERWITA,1.45321E+13,JL.MEDAN - TANJUNG MORAWA KM. 17.5 STM HULU DELI SERDANG SUMATERA UTARA,8999999057022,SUPERPELL PINK RL PCH 12X770ML,12,14350.42,2662.7204,18649.6552,188191.9748
6/2/2022 10:23,22005403358,PT.SURIATAMA MITRA PERWITA,1.45321E+13,JL.MEDAN - TANJUNG MORAWA KM. 17.5 STM HULU DELI SERDANG SUMATERA UTARA,8999999571818,MOLTO AIO BLUE (6+1) 216X18ML,432,727.93,4862.4268,34056.3667,343659.6999
6/2/2022 10:25,22005403355,PT.SURIATAMA MITRA PERWITA,1.45321E+13,JL.MEDAN - TANJUNG MORAWA KM. 17.5 STM HULU DELI SERDANG SUMATERA UTARA,8999999551223,RINSO ACTIVE FRESH LIQ 12X700ML,12,22450.42,4165.6754,29176.3301,294415.6947
6/9/2022 9:59,22005403591,PT.SURIATAMA MITRA PERWITA,1.45321E+13,JL.MEDAN - TANJUNG MORAWA KM. 17.5 STM HULU DELI SERDANG SUMATERA UTARA,8999999046996,LIFEBUOY TS TOTAL10 ARG 36X(4X60G),72,10252.25,11413.8299,79942.2987,806690.4688
6/9/2022 9:53,22005403547,PT.SURIATAMA MITRA PERWITA,1.45321E+13,JL.MEDAN - TANJUNG MORAWA KM. 17.5 STM HULU DELI SERDANG SUMATERA UTARA,8999999706180,PEPSODENT WHITE 190GR/48,480,10329.73,564827.5705,483278.7112,4876721.541
6/9/2022 10:02,22005403587,PT.SURIATAMA MITRA PERWITA,1.45321E+13,JL.MEDAN - TANJUNG MORAWA KM. 17.5 STM HULU DELI SERDANG SUMATERA UTARA,8992747180126,VIXAL PEMB PORS BIRU 12X470ML,48,14850.42,11021.9817,77197.7996,778995.9779
6/2/2022 10:27,22005403352,PT.SURIATAMA MITRA PERWITA,1.45321E+13,JL.MEDAN - TANJUNG MORAWA KM. 17.5 STM HULU DELI SERDANG SUMATERA UTARA,8999999569327,ZWITSAL BB BATH HAR&BDY ANTIBAC 12X450ML,3,32027,1485.6525,10405.4882,105000.8357
6/9/2022 10:15,22005403574,PT.SURIATAMA MITRA PERWITA,1.45321E+13,JL.MEDAN - TANJUNG MORAWA KM. 17.5 STM HULU DELI SERDANG SUMATERA UTARA,8999999569327,ZWITSAL BB BATH HAR&BDY ANTIBAC 12X450ML,12,32027,5942.6099,41621.9529,420003.343
6/9/2022 10:02,22005403587,PT.SURIATAMA MITRA PERWITA,1.45321E+13,JL.MEDAN - TANJUNG MORAWA KM. 17.5 STM HULU DELI SERDANG SUMATERA UTARA,8999999514648,LUX BW SAKURA BLOOM LD REFF 24X400ML,12,23621.63,4382.9935,30698.4223,309774.9888
6/9/2022 10:13,22005403578,PT.SURIATAMA MITRA PERWITA,1.45321E+13,JL.MEDAN - TANJUNG MORAWA KM. 17.5 STM HULU DELI SERDANG SUMATERA UTARA,8999999534769,PEPSODENT ACTION123 CHARCOAL 48X160G,96,16092.79,23888.1375,167312.1673,1688331.87
6/4/2022 9:48,22005403431,PT.SURIATAMA MITRA PERWITA,1.45321E+13,JL.MEDAN - TANJUNG MORAWA KM. 17.5 STM HULU DELI SERDANG SUMATERA UTARA,8999999048273,SUNSILK SHP SOFT&SMTH AI 18X320ML,36,35991,20034.3902,140320.5771,1415962.187
6/9/2022 10:11,22005403579,PT.SURIATAMA MITRA PERWITA,1.45321E+13,JL.MEDAN - TANJUNG MORAWA KM. 17.5 STM HULU DELI SERDANG SUMATERA UTARA,8999999549565,PONDS ROSE MICELLAR WATER 4X3X100ML,12,18550.42,3442.0304,24107.9311,243270.9407
6/2/2022 10:23,22005403358,PT.SURIATAMA MITRA PERWITA,1.45321E+13,JL.MEDAN - TANJUNG MORAWA KM. 17.5 STM HULU DELI SERDANG SUMATERA UTARA,8999999571931,MOLTO AIO BLUE BANDED SPRAY 12X720ML,12,29252.25,5427.755,38015.9169,383615.1619
6/4/2022 9:46,22005403434,PT.SURIATAMA MITRA PERWITA,1.45321E+13,JL.MEDAN - TANJUNG MORAWA KM. 17.5 STM HULU DELI SERDANG SUMATERA UTARA,8999999053307,LIFEBUOY TS LEMONFRESH ARG 36X(4X60G),72,10252.25,11413.8299,79942.2987,806690.4688
6/2/2022 10:09,22005403368,PT.SURIATAMA MITRA PERWITA,1.45321E+13,JL.MEDAN - TANJUNG MORAWA KM. 17.5 STM HULU DELI SERDANG SUMATERA UTARA,8999999008062,PEPSODENT TB DBL CARE SENS MP3 RL 24X3PC,24,22402.71,8313.6457,58228.6534,587580.0477
6/4/2022 9:45,22005403435,PT.SURIATAMA MITRA PERWITA,1.45321E+13,JL.MEDAN - TANJUNG MORAWA KM. 17.5 STM HULU DELI SERDANG SUMATERA UTARA,8999999562199,PONDS PURE BRIGHT WHIP FF 4X6X100G,24,23721.63,8803.0969,61656.7625,622172.7856
6/2/2022 10:13,22005403365,PT.SURIATAMA MITRA PERWITA,1.45321E+13,JL.MEDAN - TANJUNG MORAWA KM. 17.5 STM HULU DELI SERDANG SUMATERA UTARA,8999999563394,REXONA MEN RO NAT FRESH CHARCOAL 24X45ML ,24,16750.46,6216.0957,43537.4439,439332.3882
6/9/2022 10:16,22005403573,PT.SURIATAMA MITRA PERWITA,1.45321E+13,JL.MEDAN - TANJUNG MORAWA KM. 17.5 STM HULU DELI SERDANG SUMATERA UTARA,8999999571382,SAHAJA PELEMBUT BUNGA YASMIN 12X720ML,36,13351.33,7432.0178,52053.7448,525269.607
6/2/2022 10:25,22005403355,PT.SURIATAMA MITRA PERWITA,1.45321E+13,JL.MEDAN - TANJUNG MORAWA KM. 17.5 STM HULU DELI SERDANG SUMATERA UTARA,8999999552558,CITRA HBL PEARLY GLOW TONE UP 3X4X180ML,12,23902.67,4435.1404,31063.659,313460.5586
6/2/2022 10:23,22005403358,PT.SURIATAMA MITRA PERWITA,1.45321E+13,JL.MEDAN - TANJUNG MORAWA KM. 17.5 STM HULU DELI SERDANG SUMATERA UTARA,8999999580773,REXONA MEN INVISIBLE DRY RO 4X6X45ML,48,14700,10910.34,76415.8626,771105.5226
6/9/2022 10:00,22005403590,PT.SURIATAMA MITRA PERWITA,1.45321E+13,JL.MEDAN - TANJUNG MORAWA KM. 17.5 STM HULU DELI SERDANG SUMATERA UTARA,8999999578282,BANGO MANIS 6X735ML,36,24774.83,13790.9091,96591.3268,974694.2977
6/2/2022 10:15,22005403362,PT.SURIATAMA MITRA PERWITA,1.45321E+13,JL.MEDAN - TANJUNG MORAWA KM. 17.5 STM HULU DELI SERDANG SUMATERA UTARA,8999999008505,PEPSODENT SME ORIGINAL+MW 36X(100G+50ML),24,26061.25,9671.3299,67737.8537,683536.5238
6/9/2022 9:53,22005403547,PT.SURIATAMA MITRA PERWITA,1.45321E+13,JL.MEDAN - TANJUNG MORAWA KM. 17.5 STM HULU DELI SERDANG SUMATERA UTARA,8999999008079,PEPSODENT TB DBL CARE CLEAN MP3RL 24X1PC,72,22402.71,183746.3553,157217.3641,1586466.129
6/2/2022 10:27,22005403352,PT.SURIATAMA MITRA PERWITA,1.45321E+13,JL.MEDAN - TANJUNG MORAWA KM. 17.5 STM HULU DELI SERDANG SUMATERA UTARA,8999999569785,ZWITSAL BB BATH HAIR&BODY PCH 12X600ML,12,32567.58,6042.9145,42324.485,427092.5305
6/9/2022 10:13,22005403577,PT.SURIATAMA MITRA PERWITA,1.45321E+13,JL.MEDAN - TANJUNG MORAWA KM. 17.5 STM HULU DELI SERDANG SUMATERA UTARA,8999999569785,ZWITSAL BB BATH HAIR&BODY PCH 12X600ML,12,32567.58,6042.9145,42324.485,427092.5305
6/9/2022 10:09,22005403581,PT.SURIATAMA MITRA PERWITA,1.45321E+13,JL.MEDAN - TANJUNG MORAWA KM. 17.5 STM HULU DELI SERDANG SUMATERA UTARA,8999999049393,REXONA MEN RO ADVENTURE RL 4X6X45ML,24,14700,5455.17,38207.9313,385552.7613
6/9/2022 10:08,22005403583,PT.SURIATAMA MITRA PERWITA,1.45321E+13,JL.MEDAN - TANJUNG MORAWA KM. 17.5 STM HULU DELI SERDANG SUMATERA UTARA,8999999568542,VASELINE HB SOFT GLOW SRM 4X6X100ML,24,15074.79,5594.2546,39182.0776,395382.783
6/2/2022 10:19,22005403360,PT.SURIATAMA MITRA PERWITA,1.45321E+13,JL.MEDAN - TANJUNG MORAWA KM. 17.5 STM HULU DELI SERDANG SUMATERA UTARA,8999999034733,PONDS MEN BRIGHT BOOST FS 24X100G,24,31023.42,11512.7911,80635.4218,813684.7107
6/9/2022 10:00,22005403590,PT.SURIATAMA MITRA PERWITA,1.45321E+13,JL.MEDAN - TANJUNG MORAWA KM. 17.5 STM HULU DELI SERDANG SUMATERA UTARA,8999999571634,MOLTO PEWANGI BLUE 6X1800ML NEW,12,26153.17,4852.7207,33988.3851,342973.7044
6/2/2022 10:12,22005403366,PT.SURIATAMA MITRA PERWITA,1.45321E+13,JL.MEDAN - TANJUNG MORAWA KM. 17.5 STM HULU DELI SERDANG SUMATERA UTARA,8999999048280,SUNSILK SHP RFR ANTI DDRF 480X1X9ML,480,720.72,5349.1838,37465.6058,378062.022
6/2/2022 10:27,22005403352,PT.SURIATAMA MITRA PERWITA,1.45321E+13,JL.MEDAN - TANJUNG MORAWA KM. 17.5 STM HULU DELI SERDANG SUMATERA UTARA,8999999561567,ZWITSAL EAU DE TOILETTE 12X100ML,24,24189.17,8976.6009,62871.9827,634435.4618
6/9/2022 10:00,22005403590,PT.SURIATAMA MITRA PERWITA,1.45321E+13,JL.MEDAN - TANJUNG MORAWA KM. 17.5 STM HULU DELI SERDANG SUMATERA UTARA,8999999036348,SUNLIGHT LIME BOTTLE 24X400ML,48,18050.46,13397.0514,93832.7531,946857.7817
6/2/2022 10:09,22005403368,PT.SURIATAMA MITRA PERWITA,1.45321E+13,JL.MEDAN - TANJUNG MORAWA KM. 17.5 STM HULU DELI SERDANG SUMATERA UTARA,8999999005801,PEPSODENT TB DBL CARE SENS MP2 RL 36X2PC,36,16737.83,9317.113,65256.9244,658501.6914
6/9/2022 10:00,22005403590,PT.SURIATAMA MITRA PERWITA,1.45321E+13,JL.MEDAN - TANJUNG MORAWA KM. 17.5 STM HULU DELI SERDANG SUMATERA UTARA,8999999048242,SUNSILK SHP SOFT&SMTH AI 480X9ML ,960,720.72,10698.3677,74931.2116,756124.0439
6/9/2022 10:01,22005403588,PT.SURIATAMA MITRA PERWITA,1.45321E+13,JL.MEDAN - TANJUNG MORAWA KM. 17.5 STM HULU DELI SERDANG SUMATERA UTARA,8992694246357,ZWITSAL BB SHP NAT AVKS PCH LD 12X250ML,24,19819.83,7355.139,51515.2859,519836.0669
6/9/2022 9:59,22005403591,PT.SURIATAMA MITRA PERWITA,1.45321E+13,JL.MEDAN - TANJUNG MORAWA KM. 17.5 STM HULU DELI SERDANG SUMATERA UTARA,8999999571658,MOLTO PEWANGI PURPLE 6X1800ML NEW ,12,26153.17,4852.7207,33988.3851,342973.7044
6/2/2022 10:18,22005403361,PT.SURIATAMA MITRA PERWITA,1.45321E+13,JL.MEDAN - TANJUNG MORAWA KM. 17.5 STM HULU DELI SERDANG SUMATERA UTARA,8999999506506,VASELINE HEALTHY BRIGHT SPF24 12X400ML,12,61544.17,11419.5207,79982.1571,807092.6764
6/4/2022 9:49,22005403430,PT.SURIATAMA MITRA PERWITA,1.45321E+13,JL.MEDAN - TANJUNG MORAWA KM. 17.5 STM HULU DELI SERDANG SUMATERA UTARA,"8999999719395
",VASELINE UV EXT BRIGHTENING VNC 36X100ML,24,13206.31,4900.8616,34325.5636,346376.142
6/9/2022 10:06,22005403585,PT.SURIATAMA MITRA PERWITA,1.45321E+13,JL.MEDAN - TANJUNG MORAWA KM. 17.5 STM HULU DELI SERDANG SUMATERA UTARA,8999999528805,CITRA HBL PEARLY GLOW UV 4X6X230ML,24,18972.08,7040.5389,49311.8319,497601.213
6/2/2022 10:09,22005403368,PT.SURIATAMA MITRA PERWITA,1.45321E+13,JL.MEDAN - TANJUNG MORAWA KM. 17.5 STM HULU DELI SERDANG SUMATERA UTARA,8999999048167,SUNSILK SHP BLACK SHINE AI 480X9ML,960,720.72,10698.3677,74931.2116,756124.0439
6/9/2022 10:01,22005403588,PT.SURIATAMA MITRA PERWITA,1.45321E+13,JL.MEDAN - TANJUNG MORAWA KM. 17.5 STM HULU DELI SERDANG SUMATERA UTARA,8992694244513,ZWITSAL BB NAT RICH HON PWD 12X300GR,12,17432.42,3234.5855,22654.99,228609.4445
6/2/2022 10:26,22005403354,PT.SURIATAMA MITRA PERWITA,1.45321E+13,JL.MEDAN - TANJUNG MORAWA KM. 17.5 STM HULU DELI SERDANG SUMATERA UTARA,8999999566647,FAIR & LOVELY G&L BRGHT C GLOW FF 24X50G,24,13071.17,4850.7111,33974.3106,342831.6795
6/4/2022 9:46,22005403434,PT.SURIATAMA MITRA PERWITA,1.45321E+13,JL.MEDAN - TANJUNG MORAWA KM. 17.5 STM HULU DELI SERDANG SUMATERA UTARA,8999999581985,SUPERPELL ANTIBAC CITRUS PCH 12X500ML,12,7316.25,1357.5302,9508.1217,95945.5915
6/2/2022 10:23,22005403358,PT.SURIATAMA MITRA PERWITA,1.45321E+13,JL.MEDAN - TANJUNG MORAWA KM. 17.5 STM HULU DELI SERDANG SUMATERA UTARA,8999999536008,DOVE CREAMBATH SACHET 48X30G,36,3409.92,1898.132,13294.4887,134153.4767
6/9/2022 10:06,22005403585,PT.SURIATAMA MITRA PERWITA,1.45321E+13,JL.MEDAN - TANJUNG MORAWA KM. 17.5 STM HULU DELI SERDANG SUMATERA UTARA,8999999553111,RINSO MATIC PWD TOP LOAD 6X1.8KG,6,61900.83,5742.8495,40222.8344,405884.9649
6/9/2022 9:58,22005403592,PT.SURIATAMA MITRA PERWITA,1.45321E+13,JL.MEDAN - TANJUNG MORAWA KM. 17.5 STM HULU DELI SERDANG SUMATERA UTARA,8999999032128,ZWITSAL BATH NAT HAIR&BODY 6X6X100ML,36,10991,37282.769,39423.2554,397816.4864
6/9/2022 10:13,22005403578,PT.SURIATAMA MITRA PERWITA,1.45321E+13,JL.MEDAN - TANJUNG MORAWA KM. 17.5 STM HULU DELI SERDANG SUMATERA UTARA,"8999999553302
",RINSO MOLTO PERFUME ESSENCE NEW 6X1.65L,12,41752.33,7747.1449,54260.8897,547541.7048
6/7/2022 10:51,22005403451,PT.SURIATAMA MITRA PERWITA,1.45321E+13,JL.MEDAN - TANJUNG MORAWA KM. 17.5 STM HULU DELI SERDANG SUMATERA UTARA,8999999571931,MOLTO AIO BLUE 12X720ML NEW,24,29252.25,211701.16,53938.8124,544291.6524
6/2/2022 10:26,22005403353,PT.SURIATAMA MITRA PERWITA,1.45321E+13,JL.MEDAN - TANJUNG MORAWA KM. 17.5 STM HULU DELI SERDANG SUMATERA UTARA,8999999561116,MOLTO TRIKA PURPLE 24X400ML,24,6600,2449.26,17154.5814,173105.3214
6/2/2022 10:15,22005403362,PT.SURIATAMA MITRA PERWITA,1.45321E+13,JL.MEDAN - TANJUNG MORAWA KM. 17.5 STM HULU DELI SERDANG SUMATERA UTARA,8999999526405,TRESEMME KRATIN SMOOTH ELXR SHP 18X170ML,18,28450.44,7918.4688,55460.8396,559650.2908
6/9/2022 10:11,22005403580,PT.SURIATAMA MITRA PERWITA,1.45321E+13,JL.MEDAN - TANJUNG MORAWA KM. 17.5 STM HULU DELI SERDANG SUMATERA UTARA,8999999502942,VASELINE REPAIRING JELLY PJ 12X50ML ,24,23967.58,8894.369,62296.0306,628623.5816
6/4/2022 9:47,22005403433,PT.SURIATAMA MITRA PERWITA,1.45321E+13,JL.MEDAN - TANJUNG MORAWA KM. 17.5 STM HULU DELI SERDANG SUMATERA UTARA,8999999502942,VASELINE REPAIRING JELLY PJ 12X50ML ,12,23967.58,4447.1845,31148.0153,314311.7908
6/2/2022 10:25,22005403355,PT.SURIATAMA MITRA PERWITA,1.45321E+13,JL.MEDAN - TANJUNG MORAWA KM. 17.5 STM HULU DELI SERDANG SUMATERA UTARA,8999999568849,CITRA ALOE BRIGHT UV 4X6X100ML,24,12454.96,4622.0356,32372.6705,326669.6749
6/9/2022 10:09,22005403581,PT.SURIATAMA MITRA PERWITA,1.45321E+13,JL.MEDAN - TANJUNG MORAWA KM. 17.5 STM HULU DELI SERDANG SUMATERA UTARA,8999999049461,REXONA WMN INVISIBLE DRY RO 4X6X45ML,48,14700,10910.34,76415.8626,771105.5226
6/4/2022 9:49,22005403430,PT.SURIATAMA MITRA PERWITA,1.45321E+13,JL.MEDAN - TANJUNG MORAWA KM. 17.5 STM HULU DELI SERDANG SUMATERA UTARA,8992694242502,ZWITSAL BABY BAR SOAP CLASSIC 144X70G,12,3873.88,718.7985,5034.4538,50802.2153
6/2/2022 10:09,22005403368,PT.SURIATAMA MITRA PERWITA,1.45321E+13,JL.MEDAN - TANJUNG MORAWA KM. 17.5 STM HULU DELI SERDANG SUMATERA UTARA,8999999574536,BANGO MANIS 24X210ML,120,10045.04,18638.5717,130544.2851,1317310.513
6/4/2022 9:47,22005403433,PT.SURIATAMA MITRA PERWITA,1.45321E+13,JL.MEDAN - TANJUNG MORAWA KM. 17.5 STM HULU DELI SERDANG SUMATERA UTARA,8999999539603,ZWITSAL NATURAL BASIC PACK 6X1PC,6,36576.5,3393.3848,23767.2177,239832.8329
6/9/2022 10:06,22005403585,PT.SURIATAMA MITRA PERWITA,1.45321E+13,JL.MEDAN - TANJUNG MORAWA KM. 17.5 STM HULU DELI SERDANG SUMATERA UTARA,8999999504656,SARIMURNI RL RB 48X(20X1.8G),192,3941.44,11701.347,81956.0646,827011.1976
6/4/2022 9:49,22005403430,PT.SURIATAMA MITRA PERWITA,1.45321E+13,JL.MEDAN - TANJUNG MORAWA KM. 17.5 STM HULU DELI SERDANG SUMATERA UTARA,8999999034030,VASELINE MEN ANTI ACNE FW PJ 24X100G,12,29638.75,5499.4701,38518.2083,388683.7382
6/9/2022 10:08,22005403582,PT.SURIATAMA MITRA PERWITA,1.45321E+13,JL.MEDAN - TANJUNG MORAWA KM. 17.5 STM HULU DELI SERDANG SUMATERA UTARA,8999999501594,LIFEBUOY TS LEMONFRESH ARG 96X110G,96,4923.43,7308.3395,51187.5035,516528.444
6/9/2022 9:59,22005403591,PT.SURIATAMA MITRA PERWITA,1.45321E+13,JL.MEDAN - TANJUNG MORAWA KM. 17.5 STM HULU DELI SERDANG SUMATERA UTARA,8999999706173,PEPSODENT WHITE 120GR/72,216,6902.71,23054.3611,161472.4099,1629403.409
6/2/2022 10:14,22005403363,PT.SURIATAMA MITRA PERWITA,1.45321E+13,JL.MEDAN - TANJUNG MORAWA KM. 17.5 STM HULU DELI SERDANG SUMATERA UTARA,8999999528942,CITRA HBL PEARLY GLOW UV 6X6X120ML,24,10811.72,4012.2293,28101.5956,283570.6463
6/2/2022 10:19,22005403360,PT.SURIATAMA MITRA PERWITA,1.45321E+13,JL.MEDAN - TANJUNG MORAWA KM. 17.5 STM HULU DELI SERDANG SUMATERA UTARA,8999999005580,DOVE RO COMPLETE CARE 4X6X40ML,24,17750.46,6587.1957,46136.6229,465560.4672
6/9/2022 10:02,22005403587,PT.SURIATAMA MITRA PERWITA,1.45321E+13,JL.MEDAN - TANJUNG MORAWA KM. 17.5 STM HULU DELI SERDANG SUMATERA UTARA,8999999001049,LIFEBUOY HWL TOTAL10 REF LD 12X180ML,24,10612.58,3938.3285,27583.9951,278347.5866
6/2/2022 10:19,22005403359,PT.SURIATAMA MITRA PERWITA,1.45321E+13,JL.MEDAN - TANJUNG MORAWA KM. 17.5 STM HULU DELI SERDANG SUMATERA UTARA,8999999534677,REXONA RO GLOWING 4X6X40ML,48,11950.46,8869.6314,62122.7693,626875.2179
6/7/2022 10:51,22005403451,PT.SURIATAMA MITRA PERWITA,1.45321E+13,JL.MEDAN - TANJUNG MORAWA KM. 17.5 STM HULU DELI SERDANG SUMATERA UTARA,8999999571948,MOLTO AIO PINK 12X720ML NEW,24,29252.25,211701.16,53938.8124,544291.6524
6/2/2022 10:14,22005403363,PT.SURIATAMA MITRA PERWITA,1.45321E+13,JL.MEDAN - TANJUNG MORAWA KM. 17.5 STM HULU DELI SERDANG SUMATERA UTARA,8999999502416,ROYCO FDS CHICKEN MP RL 40X(6X8G),80,2409.9,2981.0463,20879.2049,210690.1586
6/2/2022 10:27,22005403352,PT.SURIATAMA MITRA PERWITA,1.45321E+13,JL.MEDAN - TANJUNG MORAWA KM. 17.5 STM HULU DELI SERDANG SUMATERA UTARA,8999999566098,VASELINE HAND CREAM ANTIBAC 4X6X50ML,24,19403.58,7200.6686,50433.3777,508918.6291
6/4/2022 9:48,22005403432,PT.SURIATAMA MITRA PERWITA,1.45321E+13,JL.MEDAN - TANJUNG MORAWA KM. 17.5 STM HULU DELI SERDANG SUMATERA UTARA,8999999572747,AXE DEO BS YOU COOL CHARGE 1X12X135ML,12,26400,4898.52,34309.1628,346210.6428
6/9/2022 10:06,22005403585,PT.SURIATAMA MITRA PERWITA,1.45321E+13,JL.MEDAN - TANJUNG MORAWA KM. 17.5 STM HULU DELI SERDANG SUMATERA UTARA,8999999046989,LIFEBUOY TS MILDCARE ARG 36X(4X60G),36,10252.25,5706.915,39971.1493,403345.2343
6/4/2022 9:49,22005403430,PT.SURIATAMA MITRA PERWITA,1.45321E+13,JL.MEDAN - TANJUNG MORAWA KM. 17.5 STM HULU DELI SERDANG SUMATERA UTARA,8999999035273,VASELINE HBRIGHT SPF30 SERUM 8X3X180ML,24,40796.42,15139.5514,106037.1981,1070011.727
6/4/2022 9:48,22005403431,PT.SURIATAMA MITRA PERWITA,1.45321E+13,JL.MEDAN - TANJUNG MORAWA KM. 17.5 STM HULU DELI SERDANG SUMATERA UTARA,8999999048266,SUNSILK SHP SOFT&SMTH AI 36X160ML,36,20585.58,11458.9631,80258.4109,809880.3278
6/9/2022 10:08,22005403582,PT.SURIATAMA MITRA PERWITA,1.45321E+13,JL.MEDAN - TANJUNG MORAWA KM. 17.5 STM HULU DELI SERDANG SUMATERA UTARA,8999999526511,TRESEMME SCLP CARE SHP 12X340ML,12,55100,10223.805,71607.3815,722583.5765
6/9/2022 10:07,22005403584,PT.SURIATAMA MITRA PERWITA,1.45321E+13,JL.MEDAN - TANJUNG MORAWA KM. 17.5 STM HULU DELI SERDANG SUMATERA UTARA,8992694247163,ZWITSAL BB BAR SOAP N RICH HON 144X70G,36,3873.88,2156.3953,15103.3613,152406.646
6/9/2022 10:14,22005403576,PT.SURIATAMA MITRA PERWITA,1.45321E+13,JL.MEDAN - TANJUNG MORAWA KM. 17.5 STM HULU DELI SERDANG SUMATERA UTARA,8999999556754,PONDS GEL CRM MOIST WTRMLN EXT+AO 48X20G,12,19618.02,3640.1236,25495.3728,257271.4892
6/2/2022 10:23,22005403358,PT.SURIATAMA MITRA PERWITA,1.45321E+13,JL.MEDAN - TANJUNG MORAWA KM. 17.5 STM HULU DELI SERDANG SUMATERA UTARA,8999999576615,DOVE ANTI KTMB & RMBT RNTK SH 24X135ML,24,21629.75,8026.8002,56219.592,567306.7918
6/2/2022 10:09,22005403368,PT.SURIATAMA MITRA PERWITA,1.45321E+13,JL.MEDAN - TANJUNG MORAWA KM. 17.5 STM HULU DELI SERDANG SUMATERA UTARA,8999999516208,ROYCO FDS CHICKEN RL 24X230G,144,7657.67,17050.568,119421.9303,1205075.842
6/2/2022 10:09,22005403368,PT.SURIATAMA MITRA PERWITA,1.45321E+13,JL.MEDAN - TANJUNG MORAWA KM. 17.5 STM HULU DELI SERDANG SUMATERA UTARA,8999999008475,SUNLIGHT LIME NEW PCH 6X1500ML,60,41450.5,38455.7014,269343.1728,2717917.471
6/2/2022 10:19,22005403359,PT.SURIATAMA MITRA PERWITA,1.45321E+13,JL.MEDAN - TANJUNG MORAWA KM. 17.5 STM HULU DELI SERDANG SUMATERA UTARA,8999999045098,DOVE DEO WMN RO POWDER SOFT 4X6X40ML,24,17750.46,6587.1957,46136.6229,465560.4672
6/2/2022 10:09,22005403368,PT.SURIATAMA MITRA PERWITA,1.45321E+13,JL.MEDAN - TANJUNG MORAWA KM. 17.5 STM HULU DELI SERDANG SUMATERA UTARA,8999999514617,BANGO MANIS RL 12X400ML,84,16779.25,21793.7289,152642.9598,1540306.231
6/9/2022 10:00,22005403590,PT.SURIATAMA MITRA PERWITA,1.45321E+13,JL.MEDAN - TANJUNG MORAWA KM. 17.5 STM HULU DELI SERDANG SUMATERA UTARA,8999999037765,PEPSODENT WHITE RL 12X3X225G,216,12094.58,40394.6877,282923.8052,2854958.398
6/2/2022 10:24,22005403357,PT.SURIATAMA MITRA PERWITA,1.45321E+13,JL.MEDAN - TANJUNG MORAWA KM. 17.5 STM HULU DELI SERDANG SUMATERA UTARA,8999999552534,ZWITSAL KIDS BB CLN&FRSH BLUE 12X250ML,12,16081.08,2983.8444,20898.8027,210887.9183
6/4/2022 9:46,22005403434,PT.SURIATAMA MITRA PERWITA,1.45321E+13,JL.MEDAN - TANJUNG MORAWA KM. 17.5 STM HULU DELI SERDANG SUMATERA UTARA,8999999526399,TRESEMME KRATIN SM SHP 12X340ML,12,50400,9351.72,65499.3108,660947.5908
6/9/2022 10:11,22005403579,PT.SURIATAMA MITRA PERWITA,1.45321E+13,JL.MEDAN - TANJUNG MORAWA KM. 17.5 STM HULU DELI SERDANG SUMATERA UTARA,8999999055769,FAIR & LOVELY G&L MVIT FC FOAM 24X50G,12,13124.33,2435.2195,17056.2415,172112.982
6/9/2022 10:14,22005403575,PT.SURIATAMA MITRA PERWITA,1.45321E+13,JL.MEDAN - TANJUNG MORAWA KM. 17.5 STM HULU DELI SERDANG SUMATERA UTARA,8999999557041,ROYCO MUSHROOM 24X170G,24,15000,5566.5,38987.685,393421.185
6/2/2022 10:12,22005403366,PT.SURIATAMA MITRA PERWITA,1.45321E+13,JL.MEDAN - TANJUNG MORAWA KM. 17.5 STM HULU DELI SERDANG SUMATERA UTARA,8999999528850,CITRA HBL BENGKOANG NAT GLOW UV 6X6X60ML,12,6344.14,1177.1551,8244.7777,83197.3026
6/2/2022 10:26,22005403353,PT.SURIATAMA MITRA PERWITA,1.45321E+13,JL.MEDAN - TANJUNG MORAWA KM. 17.5 STM HULU DELI SERDANG SUMATERA UTARA,8999999571467,WIPOL DISINFECTANT SPRAY PCH 24X450ML,48,7550.46,5603.9514,39249.9941,396068.1227
6/2/2022 10:14,22005403363,PT.SURIATAMA MITRA PERWITA,1.45321E+13,JL.MEDAN - TANJUNG MORAWA KM. 17.5 STM HULU DELI SERDANG SUMATERA UTARA,8999999037154,DOVE CON PERAWATAN RONTOK 18X160ML,36,25409.89,14144.4152,99067.2787,999678.9035
6/2/2022 10:28,22005403351,PT.SURIATAMA MITRA PERWITA,1.45321E+13,JL.MEDAN - TANJUNG MORAWA KM. 17.5 STM HULU DELI SERDANG SUMATERA UTARA,"8999999567781
",RINSO PRO DTV LIQ 3X4500ML,6,61100,5668.5525,39702.4592,400633.9067
6/9/2022 10:16,22005403573,PT.SURIATAMA MITRA PERWITA,1.45321E+13,JL.MEDAN - TANJUNG MORAWA KM. 17.5 STM HULU DELI SERDANG SUMATERA UTARA,"8999999567781
",RINSO PRO DTV LIQ 3X4500ML,18,61100,17005.6575,119107.3777,1201901.72
6/2/2022 10:18,22005403361,PT.SURIATAMA MITRA PERWITA,1.45321E+13,JL.MEDAN - TANJUNG MORAWA KM. 17.5 STM HULU DELI SERDANG SUMATERA UTARA,8992694248139,ZWITSAL BB NAT MINYAK TELON 4X6X100ML,12,28738.75,5332.4751,37348.5777,376881.1026
6/2/2022 10:14,22005403363,PT.SURIATAMA MITRA PERWITA,1.45321E+13,JL.MEDAN - TANJUNG MORAWA KM. 17.5 STM HULU DELI SERDANG SUMATERA UTARA,8999999037192,DOVE CON PERAWATAN RAMBUT RUSAK 18X160ML,18,25409.89,7072.2077,49533.6394,499839.4517
6/9/2022 10:05,22005403586,PT.SURIATAMA MITRA PERWITA,1.45321E+13,JL.MEDAN - TANJUNG MORAWA KM. 17.5 STM HULU DELI SERDANG SUMATERA UTARA,8999999059927,PONDS AM DAY + EYE CRM 12X(50+3)G,12,127998.17,23750.0604,166345.0778,1678573.057
6/9/2022 10:07,22005403584,PT.SURIATAMA MITRA PERWITA,1.45321E+13,JL.MEDAN - TANJUNG MORAWA KM. 17.5 STM HULU DELI SERDANG SUMATERA UTARA,8999999552527,ZWITSAL KIDS BB CLN & FRSH BLUE 12X280ML,12,20495.5,3802.94,26635.7366,268778.7966
6/2/2022 10:12,22005403366,PT.SURIATAMA MITRA PERWITA,1.45321E+13,JL.MEDAN - TANJUNG MORAWA KM. 17.5 STM HULU DELI SERDANG SUMATERA UTARA,8999999055714,BUAVITA GUAVA WD 12X1000ML,36,21171.17,11784.9318,82541.4907,832918.6789
6/2/2022 10:12,22005403366,PT.SURIATAMA MITRA PERWITA,1.45321E+13,JL.MEDAN - TANJUNG MORAWA KM. 17.5 STM HULU DELI SERDANG SUMATERA UTARA,8999999027056,LIFEBUOY SHP ANTI KTMBE 12+1 (480+40)X9ML,960,360.36,5349.1838,37465.6058,378062.022
6/2/2022 10:12,22005403366,PT.SURIATAMA MITRA PERWITA,1.45321E+13,JL.MEDAN - TANJUNG MORAWA KM. 17.5 STM HULU DELI SERDANG SUMATERA UTARA,"8999999407858
",WIPOL KARBOL LEMON PCH NEW 12X750ML,120,18650.42,34605.8543,242378.9,2445823.446
6/9/2022 10:14,22005403576,PT.SURIATAMA MITRA PERWITA,1.45321E+13,JL.MEDAN - TANJUNG MORAWA KM. 17.5 STM HULU DELI SERDANG SUMATERA UTARA,8999999552442,FAIR & LOVELY G&L MS SHEET MASK 2X12X20G,72,6818,7590.4794,53163.6073,536469.1279
6/9/2022 10:02,22005403587,PT.SURIATAMA MITRA PERWITA,1.45321E+13,JL.MEDAN - TANJUNG MORAWA KM. 17.5 STM HULU DELI SERDANG SUMATERA UTARA,"8999999520885
",WIPOL KARBOL CEMARA REFILL 24X410ML,96,7670.25,11385.7191,79745.4109,804703.6918
6/9/2022 10:02,22005403587,PT.SURIATAMA MITRA PERWITA,1.45321E+13,JL.MEDAN - TANJUNG MORAWA KM. 17.5 STM HULU DELI SERDANG SUMATERA UTARA,8999999001216,LIFEBUOY BW COOLFRESH BTL 36X100ML,12,12306.31,2283.4359,15993.1513,161385.4354
6/9/2022 10:02,22005403587,PT.SURIATAMA MITRA PERWITA,1.45321E+13,JL.MEDAN - TANJUNG MORAWA KM. 17.5 STM HULU DELI SERDANG SUMATERA UTARA,8999999549480,SUNLIGHT LIME CREAM SCH 24X270GR,72,4054.04,4513.3627,31611.5269,318989.0442
6/2/2022 10:28,22005403351,PT.SURIATAMA MITRA PERWITA,1.45321E+13,JL.MEDAN - TANJUNG MORAWA KM. 17.5 STM HULU DELI SERDANG SUMATERA UTARA,"8999999583163
",LUX BW HIJAB OLIVE HONEY KR 24X400ML,18,24972.96,6950.5991,48681.8949,491244.5758
6/4/2022 9:48,22005403432,PT.SURIATAMA MITRA PERWITA,1.45321E+13,JL.MEDAN - TANJUNG MORAWA KM. 17.5 STM HULU DELI SERDANG SUMATERA UTARA,"8999999049508
",REXONA SHOWER CLEAN RO 4X6X45ML,24,14700,5455.17,38207.9313,385552.7613
6/9/2022 10:09,22005403581,PT.SURIATAMA MITRA PERWITA,1.45321E+13,JL.MEDAN - TANJUNG MORAWA KM. 17.5 STM HULU DELI SERDANG SUMATERA UTARA,"8999999007799
",FAIR & LOVELY G&L MVIT CREAM 24X46G,24,28750.46,10669.2957,74727.5919,754069.3362
6/9/2022 10:02,22005403587,PT.SURIATAMA MITRA PERWITA,1.45321E+13,JL.MEDAN - TANJUNG MORAWA KM. 17.5 STM HULU DELI SERDANG SUMATERA UTARA,"8999999552466
",PEPSODENT SIWAK RL 48X175G,48,12800,9500.16,66538.9824,671438.8224
6/2/2022 10:29,22005403349,PT.SURIATAMA MITRA PERWITA,1.45321E+13,JL.MEDAN - TANJUNG MORAWA KM. 17.5 STM HULU DELI SERDANG SUMATERA UTARA,8999999572228,PONDS AGE MIRACLE AY SERUM MASK 2X12X25G,12,20433.33,3791.4044,26554.9411,267963.4967
6/2/2022 10:28,22005403351,PT.SURIATAMA MITRA PERWITA,1.45321E+13,JL.MEDAN - TANJUNG MORAWA KM. 17.5 STM HULU DELI SERDANG SUMATERA UTARA,8999999557133,SUNLIGHT PRO LIME POUCH 6X2L,18,39850.5,11091.3904,77683.9371,783901.5467
6/9/2022 9:59,22005403591,PT.SURIATAMA MITRA PERWITA,1.45321E+13,JL.MEDAN - TANJUNG MORAWA KM. 17.5 STM HULU DELI SERDANG SUMATERA UTARA,8999999557133,SUNLIGHT PRO LIME POUCH 6X2L,18,39850.5,11091.3904,77683.9371,783901.5467
6/9/2022 10:00,22005403590,PT.SURIATAMA MITRA PERWITA,1.45321E+13,JL.MEDAN - TANJUNG MORAWA KM. 17.5 STM HULU DELI SERDANG SUMATERA UTARA,"8998009020193
",BUAVITA MANGO NEW 24X245ML,72,5886.5,6553.4405,45900.2015,463174.761
6/2/2022 10:12,22005403366,PT.SURIATAMA MITRA PERWITA,1.45321E+13,JL.MEDAN - TANJUNG MORAWA KM. 17.5 STM HULU DELI SERDANG SUMATERA UTARA,8998009020186,BUAVITA GUAVA NEW 24X245ML,72,5886.5,6553.4405,45900.2015,463174.761
6/9/2022 10:02,22005403587,PT.SURIATAMA MITRA PERWITA,1.45321E+13,JL.MEDAN - TANJUNG MORAWA KM. 17.5 STM HULU DELI SERDANG SUMATERA UTARA,8999999406899,SUPER PELL YELLOW REF 1600ML/6,12,28400,5269.62,36908.3418,372438.7218
6/9/2022 10:14,22005403575,PT.SURIATAMA MITRA PERWITA,1.45321E+13,JL.MEDAN - TANJUNG MORAWA KM. 17.5 STM HULU DELI SERDANG SUMATERA UTARA,8999999541941,RINSO MATIC LIQ FRONT LOAD PCH 12X700ML,12,31202.67,5789.6554,40550.6623,409193.0469
6/4/2022 9:48,22005403431,PT.SURIATAMA MITRA PERWITA,1.45321E+13,JL.MEDAN - TANJUNG MORAWA KM. 17.5 STM HULU DELI SERDANG SUMATERA UTARA,8999999195649,SARIWANGI ASLI RL TB 48X(25X1.85G),240,4774.77,17719.1715,124104.8191,1252330.448
6/4/2022 9:48,22005403431,PT.SURIATAMA MITRA PERWITA,1.45321E+13,JL.MEDAN - TANJUNG MORAWA KM. 17.5 STM HULU DELI SERDANG SUMATERA UTARA,8999999573072,DOVE SHP PERAWATAN RAMBUT RUSAK 24X135ML,24,20108.13,7462.1271,52264.6292,527397.6221
6/4/2022 9:48,22005403431,PT.SURIATAMA MITRA PERWITA,1.45321E+13,JL.MEDAN - TANJUNG MORAWA KM. 17.5 STM HULU DELI SERDANG SUMATERA UTARA,8999999573102,DOVE SHP ANTI KETOMBE 24X135ML,24,20108.13,7462.1271,52264.6292,527397.6221
6/9/2022 9:59,22005403591,PT.SURIATAMA MITRA PERWITA,1.45321E+13,JL.MEDAN - TANJUNG MORAWA KM. 17.5 STM HULU DELI SERDANG SUMATERA UTARA,8999999516215,ROYCO FDS BEEF RL 24X230G,24,7657.67,2841.7613,19903.6551,200845.9738
6/2/2022 10:23,22005403358,PT.SURIATAMA MITRA PERWITA,1.45321E+13,JL.MEDAN - TANJUNG MORAWA KM. 17.5 STM HULU DELI SERDANG SUMATERA UTARA,8999999541897,BANGO LIGHT RL 12X550ML,24,19752.25,7330.06,51339.6334,518063.5734
6/2/2022 10:26,22005403354,PT.SURIATAMA MITRA PERWITA,1.45321E+13,JL.MEDAN - TANJUNG MORAWA KM. 17.5 STM HULU DELI SERDANG SUMATERA UTARA,8999999562182,PONDS BRIGHT BEAUTY WHIP FF 4X6X100G,24,23721.63,8803.0969,61656.7625,622172.7856
6/2/2022 10:14,22005403363,PT.SURIATAMA MITRA PERWITA,1.45321E+13,JL.MEDAN - TANJUNG MORAWA KM. 17.5 STM HULU DELI SERDANG SUMATERA UTARA,8999999502423,ROYCO FDS BEEF MULTIPACK RL 40X(6X8G),40,2409.9,1490.5232,10439.6024,105345.0792
6/2/2022 10:19,22005403360,PT.SURIATAMA MITRA PERWITA,1.45321E+13,JL.MEDAN - TANJUNG MORAWA KM. 17.5 STM HULU DELI SERDANG SUMATERA UTARA,8999999053048,PONDS PURE BRIGHT FACIAL FOAM 4X6X100G,12,27055.88,5020.2186,35161.5376,354811.879
6/9/2022 10:05,22005403586,PT.SURIATAMA MITRA PERWITA,1.45321E+13,JL.MEDAN - TANJUNG MORAWA KM. 17.5 STM HULU DELI SERDANG SUMATERA UTARA,8999999053048,PONDS PURE BRIGHT FACIAL FOAM 4X6X100G,24,27055.88,10040.4371,70323.0751,709623.758
6/4/2022 9:48,22005403432,PT.SURIATAMA MITRA PERWITA,1.45321E+13,JL.MEDAN - TANJUNG MORAWA KM. 17.5 STM HULU DELI SERDANG SUMATERA UTARA,8999999580735,REXONA MEN ICE COOL RO 4X6X45ML,48,14700,10910.34,76415.8626,771105.5226
6/4/2022 9:48,22005403431,PT.SURIATAMA MITRA PERWITA,1.45321E+13,JL.MEDAN - TANJUNG MORAWA KM. 17.5 STM HULU DELI SERDANG SUMATERA UTARA,8999999048198,SUNSILK SHP BLK SHINE AI 18X320ML,36,35991,20034.3902,140320.5771,1415962.187
6/9/2022 10:08,22005403582,PT.SURIATAMA MITRA PERWITA,1.45321E+13,JL.MEDAN - TANJUNG MORAWA KM. 17.5 STM HULU DELI SERDANG SUMATERA UTARA,8999999042646,RINSO MOLTO ROSE FRESH NEW 144X38ML,720,734.24,8174.2939,57252.6357,577731.1418
6/9/2022 10:14,22005403575,PT.SURIATAMA MITRA PERWITA,1.45321E+13,JL.MEDAN - TANJUNG MORAWA KM. 17.5 STM HULU DELI SERDANG SUMATERA UTARA,"8999999578763
",RINSO MOLTO JAPANESE PEACH NEW 12X565ML,12,10720.75,1989.2352,13932.5741,140592.3389
6/9/2022 10:02,22005403587,PT.SURIATAMA MITRA PERWITA,1.45321E+13,JL.MEDAN - TANJUNG MORAWA KM. 17.5 STM HULU DELI SERDANG SUMATERA UTARA,8999999537142,CLEAR SHP LEMON FRESH 36X160ML,36,26550.44,14779.3024,103514.0191,1044550.557
6/4/2022 9:46,22005403434,PT.SURIATAMA MITRA PERWITA,1.45321E+13,JL.MEDAN - TANJUNG MORAWA KM. 17.5 STM HULU DELI SERDANG SUMATERA UTARA,8999999529307,WIPOL UP ANTISRG SEREH&JERUK REF 12X750ML,36,18650.42,10381.7563,72713.67,733747.0337
6/2/2022 10:15,22005403362,PT.SURIATAMA MITRA PERWITA,1.45321E+13,JL.MEDAN - TANJUNG MORAWA KM. 17.5 STM HULU DELI SERDANG SUMATERA UTARA,8999999572044,MOLTO PURE 6X1600ML NEW,6,56653.17,5255.9979,36812.9324,371475.9545
6/2/2022 10:13,22005403364,PT.SURIATAMA MITRA PERWITA,1.45321E+13,JL.MEDAN - TANJUNG MORAWA KM. 17.5 STM HULU DELI SERDANG SUMATERA UTARA,8999999044190,ZWITSAL BB BTH N RCH HON PCH LD 12X450ML,24,32027,11885.2197,83243.9058,840006.6861
6/2/2022 10:12,22005403366,PT.SURIATAMA MITRA PERWITA,1.45321E+13,JL.MEDAN - TANJUNG MORAWA KM. 17.5 STM HULU DELI SERDANG SUMATERA UTARA,8999999571627,MOLTO PEWANGI PINK 6X1800ML NEW,6,26153.17,2426.3604,16994.1926,171486.8522
6/9/2022 10:13,22005403578,PT.SURIATAMA MITRA PERWITA,1.45321E+13,JL.MEDAN - TANJUNG MORAWA KM. 17.5 STM HULU DELI SERDANG SUMATERA UTARA,8999999537982,ROYCO CREAM OF CRAB & CORN 48X44GR,12,7184.69,1333.1192,9337.1477,94220.3085
6/9/2022 10:08,22005403582,PT.SURIATAMA MITRA PERWITA,1.45321E+13,JL.MEDAN - TANJUNG MORAWA KM. 17.5 STM HULU DELI SERDANG SUMATERA UTARA,8999999039233,PEPSODENT TB TRPLE CLN MED PCH MP 24X3PC,48,8250.46,6123.4914,42888.8447,432787.4333
6/9/2022 9:53,22005403547,PT.SURIATAMA MITRA PERWITA,1.45321E+13,JL.MEDAN - TANJUNG MORAWA KM. 17.5 STM HULU DELI SERDANG SUMATERA UTARA,8999999515607,LIFEBUOY BW MILDCARE REF ARG 12X850ML,60,42725.25,292026.0156,249863.7883,2521352.773
6/9/2022 10:08,22005403582,PT.SURIATAMA MITRA PERWITA,1.45321E+13,JL.MEDAN - TANJUNG MORAWA KM. 17.5 STM HULU DELI SERDANG SUMATERA UTARA,8999999547387,PEPSODENT TB GENTLE CARE SOFT 48X1PC ,12,6900,1280.295,8967.1676,90486.8726
6/2/2022 10:13,22005403364,PT.SURIATAMA MITRA PERWITA,1.45321E+13,JL.MEDAN - TANJUNG MORAWA KM. 17.5 STM HULU DELI SERDANG SUMATERA UTARA,8992694246166,ZWITSAL BB HAIR LOT NAT AVKS 4X6X100ML,48,20360.38,15111.474,105840.5443,1068027.31
6/2/2022 10:28,22005403351,PT.SURIATAMA MITRA PERWITA,1.45321E+13,JL.MEDAN - TANJUNG MORAWA KM. 17.5 STM HULU DELI SERDANG SUMATERA UTARA,8999999576424,RINSO ANTI NODA CLASSIC PWD 6X1.2KG,6,37103.67,3442.293,24109.77,243289.497
6/9/2022 10:08,22005403582,PT.SURIATAMA MITRA PERWITA,1.45321E+13,JL.MEDAN - TANJUNG MORAWA KM. 17.5 STM HULU DELI SERDANG SUMATERA UTARA,8999999039226,PEPSODENT TB TRPLE CL SOFT PCH MP 24X3PC,96,8250.46,12246.9828,85777.6895,865574.8667
6/2/2022 10:27,22005403352,PT.SURIATAMA MITRA PERWITA,1.45321E+13,JL.MEDAN - TANJUNG MORAWA KM. 17.5 STM HULU DELI SERDANG SUMATERA UTARA,8999999540159,VASELINE REPAIRING JELLY ALOE 12X50ML,12,22683.75,4208.9698,29479.5633,297475.5935
6/9/2022 10:16,22005403573,PT.SURIATAMA MITRA PERWITA,1.45321E+13,JL.MEDAN - TANJUNG MORAWA KM. 17.5 STM HULU DELI SERDANG SUMATERA UTARA,"8999999581992
",WIPOL PROBIOTIC PCH 12X450ML,12,7313.5,1357.0199,9504.5478,95909.5279
6/9/2022 10:02,22005403587,PT.SURIATAMA MITRA PERWITA,1.45321E+13,JL.MEDAN - TANJUNG MORAWA KM. 17.5 STM HULU DELI SERDANG SUMATERA UTARA,8999999571535,MOLTO PEWANGI PINK 12X780ML,24,13054.08,4844.3691,33929.8906,342383.4415
6/9/2022 10:07,22005403584,PT.SURIATAMA MITRA PERWITA,1.45321E+13,JL.MEDAN - TANJUNG MORAWA KM. 17.5 STM HULU DELI SERDANG SUMATERA UTARA,8999999003067,VASELINE HEALTHY BRIGHT SPF24 36X100ML,36,20048.64,11160.0754,78165.0061,788755.9707
6/2/2022 10:25,22005403355,PT.SURIATAMA MITRA PERWITA,1.45321E+13,JL.MEDAN - TANJUNG MORAWA KM. 17.5 STM HULU DELI SERDANG SUMATERA UTARA,8999999552374,SAHAJA PENCUCI PRG JRK NPS REF 12X720ML,36,10950.42,6095.5513,42693.1526,430812.7213
6/9/2022 10:06,22005403585,PT.SURIATAMA MITRA PERWITA,1.45321E+13,JL.MEDAN - TANJUNG MORAWA KM. 17.5 STM HULU DELI SERDANG SUMATERA UTARA,8999999519957,CLOSE UP WHITE ATTRACTION  LEMON 36X100G,36,13667.56,7608.0473,53286.6524,537710.7651
6/9/2022 10:08,22005403582,PT.SURIATAMA MITRA PERWITA,1.45321E+13,JL.MEDAN - TANJUNG MORAWA KM. 17.5 STM HULU DELI SERDANG SUMATERA UTARA,8999999581602,MOLTO AIO BLUE 6X1L,6,29184.67,2707.6078,18964.0453,191364.4575
6/2/2022 10:29,22005403350,PT.SURIATAMA MITRA PERWITA,1.45321E+13,JL.MEDAN - TANJUNG MORAWA KM. 17.5 STM HULU DELI SERDANG SUMATERA UTARA,8999999574413,VASELINE LIP CARE ROSY TINTED 2X6X10G,24,22524.33,8358.7789,58544.7655,590769.9066
6/9/2022 10:00,22005403590,PT.SURIATAMA MITRA PERWITA,1.45321E+13,JL.MEDAN - TANJUNG MORAWA KM. 17.5 STM HULU DELI SERDANG SUMATERA UTARA,8990121011028,BANGO MANIS RL 12X620ML,12,38027,7055.9099,49419.4899,498687.58
6/2/2022 10:13,22005403364,PT.SURIATAMA MITRA PERWITA,1.45321E+13,JL.MEDAN - TANJUNG MORAWA KM. 17.5 STM HULU DELI SERDANG SUMATERA UTARA,8999999003074,VASELINE HBL ALOE SOOTHE PJ 36X100ML,12,13206.31,2450.4309,17162.7818,173188.0709
6/2/2022 10:12,22005403366,PT.SURIATAMA MITRA PERWITA,1.45321E+13,JL.MEDAN - TANJUNG MORAWA KM. 17.5 STM HULU DELI SERDANG SUMATERA UTARA,8999999048501,SUNSILK SHP RFR ANTI DDRF SD 36X170ML,36,20540.53,11433.886,80082.7713,808107.9653
6/2/2022 10:26,22005403353,PT.SURIATAMA MITRA PERWITA,1.45321E+13,JL.MEDAN - TANJUNG MORAWA KM. 17.5 STM HULU DELI SERDANG SUMATERA UTARA,8999999560423,DOVE SUPER SHAMPOO 24X125ML,24,17200,6382.92,44705.8788,451122.9588
6/9/2022 10:00,22005403590,PT.SURIATAMA MITRA PERWITA,1.45321E+13,JL.MEDAN - TANJUNG MORAWA KM. 17.5 STM HULU DELI SERDANG SUMATERA UTARA,8999999574376,CLOSE UP GREEN PROMO SHP 48X(75G+9ML),96,5650.46,8387.5428,58746.2279,592802.8451
6/9/2022 10:08,22005403582,PT.SURIATAMA MITRA PERWITA,1.45321E+13,JL.MEDAN - TANJUNG MORAWA KM. 17.5 STM HULU DELI SERDANG SUMATERA UTARA,8999999572044,MOLTO PURE 6X1600ML NEW,6,56653.17,5255.9979,36812.9324,371475.9545
6/9/2022 10:00,22005403590,PT.SURIATAMA MITRA PERWITA,1.45321E+13,JL.MEDAN - TANJUNG MORAWA KM. 17.5 STM HULU DELI SERDANG SUMATERA UTARA,8999999036355,SUNLIGHT LIME BTL 12X750ML,12,32850.42,6095.3954,42692.0609,430801.7055
6/9/2022 9:53,22005403547,PT.SURIATAMA MITRA PERWITA,1.45321E+13,JL.MEDAN - TANJUNG MORAWA KM. 17.5 STM HULU DELI SERDANG SUMATERA UTARA,8999999515621,LIFEBUOY BW LEMONFRESH REF ARG 12X850ML,120,42725.25,584052.0312,499727.5766,5042705.545
6/2/2022 10:19,22005403360,PT.SURIATAMA MITRA PERWITA,1.45321E+13,JL.MEDAN - TANJUNG MORAWA KM. 17.5 STM HULU DELI SERDANG SUMATERA UTARA,8999999058340,PONDS ACNE SOLUTION FACIAL FOAM 4X6X100G,12,28408.13,5271.1285,36918.9075,372545.339
6/9/2022 10:13,22005403578,PT.SURIATAMA MITRA PERWITA,1.45321E+13,JL.MEDAN - TANJUNG MORAWA KM. 17.5 STM HULU DELI SERDANG SUMATERA UTARA,8999999534820,SUPERPELL CASABLANCA LILY REF 12X700ML,12,14300,2653.365,18584.1299,187530.7649
6/2/2022 10:23,22005403358,PT.SURIATAMA MITRA PERWITA,1.45321E+13,JL.MEDAN - TANJUNG MORAWA KM. 17.5 STM HULU DELI SERDANG SUMATERA UTARA,8999999520441,CITRA SAKURA GLOW FF 4X6X100G,24,25074.79,9305.2546,65173.8676,657663.573
6/2/2022 10:23,22005403358,PT.SURIATAMA MITRA PERWITA,1.45321E+13,JL.MEDAN - TANJUNG MORAWA KM. 17.5 STM HULU DELI SERDANG SUMATERA UTARA,8999999571825,MOLTO AIO PINK (6+1) 216X18ML,432,727.93,4862.4268,34056.3667,343659.6999
6/9/2022 10:08,22005403582,PT.SURIATAMA MITRA PERWITA,1.45321E+13,JL.MEDAN - TANJUNG MORAWA KM. 17.5 STM HULU DELI SERDANG SUMATERA UTARA,8999999571825,MOLTO AIO PINK (6+1) 216X18ML,432,727.93,4862.4268,34056.3667,343659.6999
6/9/2022 9:59,22005403591,PT.SURIATAMA MITRA PERWITA,1.45321E+13,JL.MEDAN - TANJUNG MORAWA KM. 17.5 STM HULU DELI SERDANG SUMATERA UTARA,8999999529710,CLEAR SHP COOL SPORT MNTL MEN 36X160ML,36,26550.44,14779.3024,103514.0191,1044550.557
6/2/2022 10:12,22005403366,PT.SURIATAMA MITRA PERWITA,1.45321E+13,JL.MEDAN - TANJUNG MORAWA KM. 17.5 STM HULU DELI SERDANG SUMATERA UTARA,8998009020179,BUAVITA ORANGE WD 24X250ML,48,5886.5,4368.9603,30600.1344,308783.1741
6/9/2022 10:00,22005403590,PT.SURIATAMA MITRA PERWITA,1.45321E+13,JL.MEDAN - TANJUNG MORAWA KM. 17.5 STM HULU DELI SERDANG SUMATERA UTARA,"8999999048259
",SUNSILK SHP SOFT&SMTH AI 48X70ML,48,10855.85,8057.2119,56432.5947,569456.1828
6/2/2022 10:25,22005403355,PT.SURIATAMA MITRA PERWITA,1.45321E+13,JL.MEDAN - TANJUNG MORAWA KM. 17.5 STM HULU DELI SERDANG SUMATERA UTARA,8999999548520,CITRA ALOE BRIGHT UV 3X4X180ML,12,22938.75,4256.2851,29810.9586,300819.6735
6/2/2022 10:15,22005403362,PT.SURIATAMA MITRA PERWITA,1.45321E+13,JL.MEDAN - TANJUNG MORAWA KM. 17.5 STM HULU DELI SERDANG SUMATERA UTARA,8999999519100,LUX TS WHITE VELVET MP 32X(3X110G),32,13274.78,6568.3612,46004.7059,464229.3047
6/2/2022 10:25,22005403356,PT.SURIATAMA MITRA PERWITA,1.45321E+13,JL.MEDAN - TANJUNG MORAWA KM. 17.5 STM HULU DELI SERDANG SUMATERA UTARA,8999999549589,PONDS CHAR MW + BBFF 12X(100ML+30G),12,18550.42,3442.0304,24107.9311,243270.9407
6/9/2022 9:59,22005403591,PT.SURIATAMA MITRA PERWITA,1.45321E+13,JL.MEDAN - TANJUNG MORAWA KM. 17.5 STM HULU DELI SERDANG SUMATERA UTARA,8999999039158,DOVE SHP PERAWATAN RAMBUT RUSAK 48X70ML,12,13000,2412.15,16894.6635,170482.5135
6/9/2022 10:13,22005403578,PT.SURIATAMA MITRA PERWITA,1.45321E+13,JL.MEDAN - TANJUNG MORAWA KM. 17.5 STM HULU DELI SERDANG SUMATERA UTARA,"8999999578770
",RINSO MOLTO ROYAL GOLD NEW 12X565ML,12,10720.75,1989.2352,13932.5741,140592.3389
6/2/2022 10:11,22005403367,PT.SURIATAMA MITRA PERWITA,1.45321E+13,JL.MEDAN - TANJUNG MORAWA KM. 17.5 STM HULU DELI SERDANG SUMATERA UTARA,"8999999049454
",REXONA FREE SPIRIT RO 4X6X45ML,48,14700,10910.34,76415.8626,771105.5226
6/2/2022 10:19,22005403360,PT.SURIATAMA MITRA PERWITA,1.45321E+13,JL.MEDAN - TANJUNG MORAWA KM. 17.5 STM HULU DELI SERDANG SUMATERA UTARA,"8999999049447
",REXONA ADVANCED BRIGHTENING RO 4X6X45ML,48,16750.46,12432.1914,87074.8877,878664.7763
6/4/2022 9:46,22005403434,PT.SURIATAMA MITRA PERWITA,1.45321E+13,JL.MEDAN - TANJUNG MORAWA KM. 17.5 STM HULU DELI SERDANG SUMATERA UTARA,8999999526252,MOLTO TRIKA BLUE RL 24X400ML,24,6603.58,2450.5886,17163.8865,173199.2179
6/2/2022 10:26,22005403353,PT.SURIATAMA MITRA PERWITA,1.45321E+13,JL.MEDAN - TANJUNG MORAWA KM. 17.5 STM HULU DELI SERDANG SUMATERA UTARA,8999999571597,MOLTO PEWANGI ANTIBAC 12X780ML,12,13054.08,2422.1846,16964.9453,171191.7207
6/2/2022 10:09,22005403369,PT.SURIATAMA MITRA PERWITA,1.45321E+13,JL.MEDAN - TANJUNG MORAWA KM. 17.5 STM HULU DELI SERDANG SUMATERA UTARA,8999999566838,PONDS ANTI BACTERIAL FF 4X6X100G,12,23158.54,4297.0671,30096.5954,303702.0083
6/2/2022 10:26,22005403353,PT.SURIATAMA MITRA PERWITA,1.45321E+13,JL.MEDAN - TANJUNG MORAWA KM. 17.5 STM HULU DELI SERDANG SUMATERA UTARA,8999999549497,SUPERPELL GREEN RL PCH 24X280ML,24,3828.83,1420.8789,9951.8145,100422.8556
